Date,Open,High,Low,Close,Volume,Adj. Close
13-02-2016,382.25,389.35,380.52,387.9,7711.179508,387.9
14-02-2016,387.9,401.22,386.85,400.45,8665.212039,400.45
15-02-2016,400.45,409.71,396,401.15,9113.796236,401.15
16-02-2016,401,407.8,393.4,405.53,7808.708875,405.53
17-02-2016,406.48,420,403.96,418.84,9914.200931,418.84
18-02-2016,418.84,424.9,412.02,417.49,10265.24548,417.49
19-02-2016,417.46,422,414,419.54,6003.403459,419.54
20-02-2016,419.91,433.37,416.66,430,6522.151835,430
21-02-2016,429.38,447.99,425.98,430.86,15589.71464,430.86
22-02-2016,431.97,439,430.9,437.52,4979.217816,437.52
23-02-2016,437.95,440,416.36,421.9,9180.997579,421.9
24-02-2016,421.9,424.19,409.07,423.96,9345.022207,423.96
25-02-2016,422.24,426.75,415.79,422.43,5582.392134,422.43
26-02-2016,422.43,425,418.01,424.5,4107.90865,424.5
27-02-2016,424.44,435,422.01,431.42,5033.370606,431.42
28-02-2016,431.42,435,422.29,432.84,3459.185632,432.84
29-02-2016,431.94,440.99,428.12,436.02,7468.123203,436.02
1/3/2016,436.24,437.64,427.33,432.67,5977.853281,432.67
2/3/2016,432.03,434.5,427.01,430.48,6275.771648,430.48
3/3/2016,429.45,430.98,415.85,421.6,7151.390095,421.6
4/3/2016,421.6,423.9,416,420.69,6395.224187,420.69
5/3/2016,420.69,420.69,382,394.66,16618.70794,394.66
6/3/2016,395.45,411.26,390,411.26,8132.153966,411.26
7/3/2016,411.26,412.31,403,410.25,5473.316055,410.25
8/3/2016,410.24,414.99,408.46,411.8,5944.893691,411.8
9/3/2016,411.8,413.5,408.75,412,4920.609729,412
10/3/2016,411.53,416.9,409.31,415.98,5770.769805,415.98
11/3/2016,415.8,421.91,414.7,420.96,5766.110587,420.96
12/3/2016,420.5,421.6,409.62,409.62,4489.631256,409.62
13-03-2016,409.62,417,406.59,412.5,3708.727833,412.5
14-03-2016,412.09,415.22,410.5,413.73,3943.045257,413.73
15-03-2016,413.75,417.43,411.5,415.25,4449.530165,415.25
16-03-2016,415.25,417.3,413.15,414.8,4289.516118,414.8
17-03-2016,414.8,419,413.67,418.94,4462.774385,418.94
18-03-2016,418.79,419,406.66,407.98,4432.630047,407.98
19-03-2016,407.98,409.95,403.34,406.9,4961.710294,406.9
20-03-2016,406.7,412,404.1,410.28,2353.974665,410.28
21-03-2016,410.28,411.96,406.5,410.29,3196.247305,410.29
22-03-2016,411.04,416,407.21,415.52,4027.084552,415.52
23-03-2016,415.8,417.5,413.44,417.07,4580.231526,417.07
24-03-2016,417.07,419,412.85,415.78,3581.154731,415.78
25-03-2016,415.83,417,412,415.98,2820.487524,415.98
26-03-2016,415.98,416.99,414.07,415.27,1496.931418,415.27
27-03-2016,415.27,424.99,414,424.99,2020.207257,424.99
28-03-2016,424.99,427.99,421.17,421.47,5836.310539,421.47
29-03-2016,422.57,424.37,407.22,412,5499.566606,412
30-03-2016,412.63,416.2,408.59,412,4629.748726,412
31-03-2016,411.97,415.99,410.08,414.29,3878.84258,414.29
1/4/2016,414.76,416.99,413.42,416.8,3568.185631,416.8
2/4/2016,416.51,420,414.42,418.27,3121.93225,418.27
3/4/2016,418.27,419.5,416.1,418.57,1389.967153,418.57
4/4/2016,418.7,419.49,416,419.29,3045.778318,419.29
5/4/2016,419.29,423,416.61,421.75,3866.735901,421.75
6/4/2016,422.44,422.9,420.26,421.83,2493.76923,421.83
7/4/2016,422.2,422.48,418.21,421.23,2798.927491,421.23
8/4/2016,421.7,423.99,417.3,422.41,3704.995973,422.41
9/4/2016,423.1,423.89,412,418.34,5348.74995,418.34
10/4/2016,417.92,421.54,417.02,420.47,1549.432566,420.47
11/4/2016,420.48,421.99,418,421.29,3020.044819,421.29
12/4/2016,421.29,426.67,419.52,425.87,5215.354422,425.87
13-04-2016,425.98,426.29,422.94,423.69,4904.543416,423.69
14-04-2016,423.7,425.2,420.57,424.69,4069.529475,424.69
15-04-2016,424.69,430,423.02,428.17,3733.615611,428.17
16-04-2016,429.12,432.87,426.61,429.72,2796.542666,429.72
17-04-2016,429.72,430.98,426.19,428.07,1480.268043,428.07
18-04-2016,426.49,430.01,424.24,426.69,2966.761944,426.69
19-04-2016,426.69,430.64,426,429,2655.334573,429
20-04-2016,429.1,440,428.32,440,7009.66001,440
21-04-2016,440,444.84,438.58,444.78,4926.650397,444.78
22-04-2016,444.77,452.11,442.96,447.31,7255.672893,447.31
23-04-2016,448.02,450.57,444.46,448.16,2356.039563,448.16
24-04-2016,448.98,457.8,446.04,450.25,3802.791897,450.25
25-04-2016,450.25,470.02,449.86,460.19,7007.49569,460.19
26-04-2016,460.24,469.47,459.46,466.17,6063.225805,466.17
27-04-2016,466.32,469.87,448.3,456.08,6309.065741,456.08
28-04-2016,456.29,457.38,435,450.18,9133.178163,450.18
29-04-2016,450.18,453,445.62,452.48,3623.284055,452.48
30-04-2016,452.48,456.9,450.55,451.81,2322.540804,451.81
1/5/2016,451.8,453.74,446.5,452.2,2253.284368,452.2
2/5/2016,452.9,453.8,438.59,443.49,4851.859024,443.49
3/5/2016,442.82,450.19,440.55,448.01,5310.974918,448.01
4/5/2016,448.01,452,444.15,446.92,4344.754631,446.92
5/5/2016,446.48,449,444.65,446.66,2443.288176,446.66
6/5/2016,447.31,454.22,446.18,453.08,3924.33761,453.08
7/5/2016,453.08,463.97,452.57,457.37,4190.083522,457.37
8/5/2016,458.16,461,455.95,459.33,1579.744947,459.33
9/5/2016,459.33,463.5,455.62,463.5,2619.192349,463.5
10/5/2016,462.13,464.79,447.38,451.64,5100.85471,451.64
11/5/2016,451.21,457.99,449.7,453.6,4653.35197,453.6
12/5/2016,453.42,453.93,448.88,452.51,2861.623008,452.51
13-05-2016,452.51,455.99,450.14,454.53,3210.13508,454.53
14-05-2016,454.91,456.99,453.51,455.4,1807.066741,455.4
15-05-2016,455.86,457.25,454.72,456.07,1135.557753,456.07
16-05-2016,456.02,458.08,455.11,457.5,2431.463951,457.5
17-05-2016,457.5,457.62,451.11,453.81,3842.357152,453.81
18-05-2016,454.41,455.68,452,455.4,2922.072085,455.4
19-05-2016,455.42,455.42,447.12,448.22,4470.463999,448.22
20-05-2016,448.22,448.82,435.03,442.4,5041.602884,442.4
21-05-2016,442.4,443.76,435.28,442.94,2573.616693,442.94
22-05-2016,442.48,443.98,439.9,442,1004.442618,442
23-05-2016,442,442.2,435,441.94,3675.477911,441.94
24-05-2016,441.94,446.37,441,446.15,2970.727374,446.15
25-05-2016,445.55,449.6,443.58,447.69,3722.532743,447.69
26-05-2016,447.79,452.21,446.8,452,3608.664625,452
27-05-2016,451.74,478.16,450.6,472.01,11216.47478,472.01
28-05-2016,472.01,498,468,493.09,8989.495587,493.09
29-05-2016,493.09,529.08,485,517,8761.279062,517
30-05-2016,517,540,501,522.24,8931.84173,522.24
31-05-2016,522.24,548.5,515,528.25,10190.4467,528.25
1/6/2016,528.32,542.87,518,537.39,7789.861336,537.39
2/6/2016,537.18,540,529.13,535.99,3906.544925,535.99
3/6/2016,535.85,570,532.15,564.35,7563.416051,564.35
4/6/2016,563.53,588.71,560.65,575.87,7220.593531,575.87
5/6/2016,574.68,582,558.54,570,5847.216659,570
6/6/2016,570,585.99,566.02,583.5,4505.381266,583.5
7/6/2016,583.52,594.44,573.11,575.16,5644.28912,575.16
8/6/2016,575.15,582.77,563,575.71,4346.004015,575.71
9/6/2016,576.79,584.25,573,575.29,3516.428057,575.29
10/6/2016,575.29,580,572,575.73,3858.813603,575.73
11/6/2016,574.67,587.09,574.67,581.76,2753.642168,581.76
12/6/2016,581.76,648.88,580.87,645.37,11473.01936,645.37
13-06-2016,644.21,725,636.24,689.95,19428.17244,689.95
14-06-2016,688.5,707.02,668.73,673.48,8936.501457,673.48
15-06-2016,673.47,690.73,655,688.15,8822.841875,688.15
16-06-2016,689.4,750.5,687.3,738.26,14236.32329,738.26
17-06-2016,738.22,778.7,706.37,744.13,16489.20101,744.13
18-06-2016,744,757.96,723.02,753.18,5364.227181,753.18
19-06-2016,753.53,778.85,736.03,761.56,5904.833857,761.56
20-06-2016,762.82,764,725,736.92,6604.435631,736.92
21-06-2016,738.86,742,641.25,667.51,24313.66823,667.51
22-06-2016,664.52,684.23,625,650.52,17046.91592,650.52
23-06-2016,650.5,651,540.17,559.51,25913.00222,559.51
24-06-2016,559.5,683.88,558.11,637,22585.06944,637
25-06-2016,637.02,684.45,636.1,672.79,5837.091542,672.79
26-06-2016,673.98,679.45,614,618.8,6294.110419,618.8
27-06-2016,616.7,649.98,608.64,634.15,8213.567725,634.15
28-06-2016,634.12,665.51,630.89,642.4,5960.470314,642.4
29-06-2016,642.4,650,621.09,627.05,7995.450288,627.05
30-06-2016,629.88,669.9,627.05,662.28,9163.582179,662.28
1/7/2016,664.87,684.1,659.71,670.83,6181.020911,670.83
2/7/2016,670.81,701.76,667.83,691.25,6284.612726,691.25
3/7/2016,691.25,704.99,647,655,7253.75722,655
4/7/2016,656.25,682.35,640.1,673.95,4793.017866,673.95
5/7/2016,673.29,682.36,661.57,669,3172.661808,669
6/7/2016,668.97,679,665.01,674.74,2809.85983,674.74
7/7/2016,675.66,678.43,632,638.7,8987.667727,638.7
8/7/2016,637.21,654.6,605.5,650.4,10454.76817,650.4
9/7/2016,649.97,665.99,640,657.2,5222.064247,657.2
10/7/2016,657.2,661,626,641.77,4126.672533,641.77
11/7/2016,638.66,659.6,638.65,646.27,2624.488964,646.27
12/7/2016,646.5,661.46,644.14,660,3178.881964,660
13-07-2016,659.37,678,657,661.37,5317.500354,661.37
14-07-2016,662,663.97,650.01,661,5205.700101,661
15-07-2016,663,667.73,658.41,662.15,2524.319284,662.15
16-07-2016,662.97,670.01,655,659.74,2730.855809,659.74
17-07-2016,660.99,669.99,659.74,667.54,1374.686798,667.54
18-07-2016,669.5,684.19,666.8,682,4211.228438,682
19-07-2016,682,682,666.12,671.29,2180.287854,671.29
20-07-2016,672.36,675,660,664.62,3257.4275,664.62
21-07-2016,664.62,669.12,660.1,664.67,2670.096532,664.67
22-07-2016,663.4,666.3,650.43,653,4323.256917,653
23-07-2016,653.03,657.76,645,654.01,2868.82414,654.01
24-07-2016,654.01,659.7,651.99,656.96,887.2972658,656.96
25-07-2016,658.42,665,652.28,657.17,2277.987129,657.17
26-07-2016,657.18,657.26,645.01,652,3259.368229,652
27-07-2016,651.04,656.62,646.31,654.13,2786.64375,654.13
28-07-2016,655.85,659.98,652.35,656.93,2361.646559,656.93
29-07-2016,656.93,657.4,653,655.99,1608.915915,655.99
30-07-2016,655.99,657.5,653.04,655.59,682.3555617,655.59
31-07-2016,657.43,657.5,629.53,633.99,3224.586291,633.99
1/8/2016,633.99,635.09,614.82,622.5,4193.871944,622.5
2/8/2016,623.47,623.47,594.21,596.22,6790.581411,596.22
3/8/2016,598.19,604.18,465.28,548.8,30420.85017,548.8
4/8/2016,549.28,582,547.68,570,9846.741151,570
5/8/2016,570.05,583.97,552,571.23,5394.899688,571.23
6/8/2016,571.5,581.06,562.56,565.68,5481.448585,565.68
7/8/2016,565.71,598.82,565.56,596.88,4084.061888,596.88
8/8/2016,596.89,598.58,582.12,591.63,3254.627479,591.63
9/8/2016,591.5,594,580.05,589.07,3149.045581,589.07
10/8/2016,589.65,603,579.43,598.42,4959.525809,598.42
11/8/2016,598.47,598.99,587.91,590.8,2982.980148,590.8
12/8/2016,590.8,591.97,580.47,588.8,2387.210518,588.8
13-08-2016,588.19,589.98,581.71,583.51,1347.190393,583.51
14-08-2016,583.51,587.14,563.73,567.02,3376.39006,567.02
15-08-2016,567.02,573.69,556.24,559.99,4795.434503,559.99
16-08-2016,559.99,579.49,554.9,575.33,5071.879348,575.33
17-08-2016,575.94,579.8,567.17,569.74,4554.639479,569.74
18-08-2016,569.86,573.87,566.02,572.56,3030.012944,572.56
19-08-2016,572.56,575.87,552.3,570,5550.425536,570
20-08-2016,570,578.98,568.52,575.6,2611.424364,575.6
21-08-2016,576.97,583.99,575.97,578,1564.062086,578
22-08-2016,578.05,585.16,572.5,583.09,3520.278383,583.09
23-08-2016,583.66,585.95,576,578.31,5108.056135,578.31
24-08-2016,577.88,582.33,575.4,577.5,2613.258599,577.5
25-08-2016,576.5,582.1,571.16,574.1,4094.4395,574.1
26-08-2016,574.17,582.46,574.1,577.56,3997.283936,577.56
27-08-2016,578.12,579.95,565,565,2838.7444,565
28-08-2016,565,572.91,564.81,569.97,1268.21138,569.97
29-08-2016,569.71,575,569.02,574.85,1896.414039,574.85
30-08-2016,574.85,576,568.55,575.99,3956.283975,575.99
31-08-2016,575.99,576.5,569,569,3767.819363,569
1/9/2016,569,573.92,566.86,570,3366.076344,570
2/9/2016,570,574.2,567.03,572.25,3261.370109,572.25
3/9/2016,572.13,573.85,569.56,571.68,1597.831318,571.68
4/9/2016,571.09,609.05,569.01,604.5,6837.094338,604.5
5/9/2016,604.99,607.65,592.46,602.53,3796.054351,602.53
6/9/2016,601.8,609.74,599.54,607.91,3500.35113,607.91
7/9/2016,607.91,612.16,604.17,612,4566.471134,612
8/9/2016,611.89,628.98,611.25,625.97,4271.030242,625.97
9/9/2016,625.88,627.49,612.93,620.57,3676.96162,620.57
10/9/2016,620.55,625,618.67,620.5,2193.20011,620.5
11/9/2016,621.6,623.75,619.05,623.04,909.8840946,623.04
12/9/2016,623.04,628.99,594.63,605.99,7168.453251,605.99
13-09-2016,605.99,609.39,603.28,604.47,3554.042111,604.47
14-09-2016,604.47,609.61,604.38,609.32,3147.988039,609.32
15-09-2016,607.87,610.69,606.43,607.38,2124.202402,607.38
16-09-2016,607.1,608.99,602.3,605.48,3649.297475,605.48
17-09-2016,605.48,607.6,601.29,602.78,1530.49087,602.78
18-09-2016,602.78,608.59,601.1,607.99,1238.532285,607.99
19-09-2016,607.71,609.5,604.35,605.99,2018.48263,605.99
20-09-2016,604.66,608.99,603,607.04,2507.594605,607.04
21-09-2016,607,608,592.1,594.99,3869.16702,594.99
22-09-2016,594.99,596.42,592.5,594.81,2401.659409,594.81
23-09-2016,594.81,599.99,593,597.5,3698.287994,597.5
24-09-2016,598.75,603.59,597.74,600.05,1936.923626,600.05
25-09-2016,600.51,601.99,596.01,596.09,996.6645754,596.09
26-09-2016,597.6,606,596,604.71,3049.044391,604.71
27-09-2016,603.76,608.37,600.02,603.83,3608.64667,603.83
28-09-2016,603.83,607,600.8,603,2222.854009,603
29-09-2016,602.98,605,601,604.94,3059.486371,604.94
30-09-2016,604.94,606.62,603.15,604.15,2317.115752,604.15
1/10/2016,604.98,613.97,603.43,613.39,1895.064703,613.39
2/10/2016,613.03,614.28,605,605.79,1363.911048,605.79
3/10/2016,605.79,611.14,605.1,609.5,1857.144376,609.5
4/10/2016,609.5,612.98,604.99,607.59,3223.927889,607.59
5/10/2016,607.59,612,605.76,609.08,2317.004028,609.08
6/10/2016,610.94,611.05,607.09,610.19,2030.840502,610.19
7/10/2016,609.98,616.34,607.52,613.9,3836.311395,613.9
8/10/2016,613.52,616.99,611,614.6,1521.232559,614.6
9/10/2016,614.6,615.04,610,613.01,1103.713923,613.01
10/10/2016,614.59,616.47,611.16,615.64,1989.396042,615.64
11/10/2016,615.11,635.02,612.71,632.77,6869.082256,632.77
12/10/2016,632.77,640,628.76,636.75,3946.286978,636.75
13-10-2016,636.75,637,630,635.35,2341.399738,635.35
14-10-2016,635.35,637.5,630.45,634.87,2861.699893,634.87
15-10-2016,634.87,642,633,637.86,1994.299388,637.86
16-10-2016,638.47,641.4,635.18,637.54,1089.09152,637.54
17-10-2016,639.01,639.99,632.1,636.98,3748.289458,636.98
18-10-2016,636.9,637.8,633,636.68,2693.694041,636.68
19-10-2016,636.58,638.04,624.22,625.75,4119.639236,625.75
20-10-2016,625.75,630.22,624.13,627.41,2736.798741,627.41
21-10-2016,627.42,630.99,625,630.94,2819.098407,630.94
22-10-2016,630.56,650.05,628.5,646.99,2662.075972,646.99
23-10-2016,646.99,656,645.41,651.88,4337.473131,651.88
24-10-2016,649.75,652.25,640,649.79,4601.994354,649.79
25-10-2016,649.77,654.38,643.93,653.44,4206.07389,653.44
26-10-2016,654.33,669.97,643,668.98,6505.17638,668.98
27-10-2016,668.98,685.89,660.68,679.83,5667.566617,679.83
28-10-2016,679.8,687.22,676.98,686.46,4100.475653,686.46
29-10-2016,686.44,715,680.92,706.76,3958.628527,706.76
30-10-2016,706.89,717.99,691.49,703.14,3856.17494,703.14
31-10-2016,704.99,707.85,683.6,704.07,4343.079267,704.07
1/11/2016,703.98,737,695.38,722.38,6176.944315,722.38
2/11/2016,722.55,731.97,715.9,723.91,4325.332676,723.91
3/11/2016,723.9,745.19,701,719.32,7630.570086,719.32
4/11/2016,716.21,717.95,670.32,693.1,9902.70012,693.1
5/11/2016,693.11,707.34,687.5,700,3093.701085,700
6/11/2016,700.01,714.36,697.92,702.49,2229.346748,702.49
7/11/2016,702.1,712.2,698.25,703.49,3009.703263,703.49
8/11/2016,702.22,711.87,701.02,706.89,4352.038779,706.89
9/11/2016,706.89,740.86,704.68,722.2,9977.364283,722.2
10/11/2016,722.57,725.29,707,715.45,5015.747044,715.45
11/11/2016,713.51,720.94,708.16,712.82,3821.131642,712.82
12/11/2016,714.13,717.49,702.76,703.01,3069.500452,703.01
13-11-2016,703.01,705.89,683.23,692.11,4756.172683,692.11
14-11-2016,692.09,702.89,692.06,699.97,7026.544598,699.97
15-11-2016,699.7,713.84,698.35,711.29,6234.271859,711.29
16-11-2016,711.85,739.02,708.44,730.05,9690.707497,730.05
17-11-2016,730.07,749.98,728.81,745.28,9404.292964,745.28
18-11-2016,745.32,752.95,731.31,747.11,4060.78405,747.11
19-11-2016,747.88,755.07,741.1,744.96,2728.490946,744.96
20-11-2016,744.98,753.82,725.59,730,3687.762605,730
21-11-2016,729.24,736.01,714,734.35,4701.931307,734.35
22-11-2016,734.35,747,730.27,746.06,5168.913017,746.06
23-11-2016,746.06,750,733.2,735.55,4327.328439,735.55
24-11-2016,735.55,741.65,729.4,731.33,4008.089224,731.33
25-11-2016,730.46,735.77,728,734.25,4381.980906,734.25
26-11-2016,733.68,737.56,722.3,723.94,2373.565492,723.94
27-11-2016,723.94,732,722.44,730.95,3357.193553,730.95
28-11-2016,729.27,732.42,724.1,731.35,4615.35826,731.35
29-11-2016,731.35,733.29,721,731,4638.962484,731
30-11-2016,731.35,744.49,727,739.99,6895.83449,739.99
1/12/2016,739.99,753.53,739.79,753.4,5492.869505,753.4
2/12/2016,753.4,778.07,749.2,768.99,8379.693729,768.99
3/12/2016,768.99,770.99,752.41,762.23,3848.991119,762.23
4/12/2016,762.2,765,752.41,759.81,2959.683075,759.81
5/12/2016,759.81,762.09,743,751.99,5226.428283,751.99
6/12/2016,750.23,759.9,747.99,757.78,5705.998071,757.78
7/12/2016,757.78,765.25,751,764.87,5491.029144,764.87
8/12/2016,764.87,772.01,762.29,770,4966.83817,770
9/12/2016,770.01,773.99,765.32,770.96,3205.377831,770.96
10/12/2016,770.98,773.91,767.99,773.84,1982.685469,773.84
11/12/2016,773.83,774.12,764.01,769.97,2199.03459,769.97
12/12/2016,769.98,779,767,776.8,2582.50368,776.8
13-12-2016,776.81,793.27,765.1,783.32,4522.91473,783.32
14-12-2016,781,783.35,770.74,773.7,2595.079689,773.7
15-12-2016,774.54,779.08,771,777.09,2557.471602,777.09
16-12-2016,778,782.46,771.24,780.71,3620.009752,780.71
17-12-2016,780.71,790.88,778.1,787.2,3109.366844,787.2
18-12-2016,787.2,790.99,780,785.49,2314.869041,785.49
19-12-2016,785.5,794.39,783.92,789.9,3878.382462,789.9
20-12-2016,789.71,795,787.1,791.83,2966.088994,791.83
21-12-2016,791.88,829,790,825.5,8022.938451,825.5
22-12-2016,825.32,875,818.5,861.91,13449.56035,861.91
23-12-2016,862.51,913.41,858,889.49,13969.15049,889.49
24-12-2016,888,920,876.11,891.84,8989.037632,891.84
25-12-2016,892.84,899.73,859,875.32,4739.554711,875.32
26-12-2016,875.41,905.18,875.41,901,4100.801328,901
27-12-2016,901,935,891,931.99,5221.812637,931.99
28-12-2016,931.99,968.98,922,949.9,10340.48665,949.9
29-12-2016,949.91,980.74,947.52,964.91,8940.424821,964.91
30-12-2016,964.9,970.35,931,954.1,10116.16713,954.1
31-12-2016,955.1,965.82,944.11,956.84,6983.745206,956.84
1/1/2017,956.98,977.92,956.22,976.71,3277.057807,976.71
2/1/2017,976.71,1030,976.22,1026.65,9944.11802,1026.65
3/1/2017,1026.65,1032,990.01,1020,8498.573372,1020
4/1/2017,1019.54,1098.76,1016.19,1089.08,14554.70778,1089.08
5/1/2017,1088.89,1139.89,885.41,992.84,37144.92392,992.84
6/1/2017,992.84,1026.99,871,912,29351.664,912
7/1/2017,912,919.99,812.28,887.99,23424.8887,887.99
8/1/2017,888,941.81,879.98,904.06,11411.45147,904.06
9/1/2017,904.06,914.3,875,901.79,8141.705579,901.79
10/1/2017,900.44,912.47,883.98,903.77,9066.405469,903.77
11/1/2017,903.76,918.4,790,795.55,25280.07557,795.55
12/1/2017,793.66,825.99,751.34,794.89,24687.12604,794.89
13-01-2017,794.85,832.99,775,817.95,13469.46482,817.95
14-01-2017,816.94,837.76,816.58,831.67,8240.567866,831.67
15-01-2017,831.45,831.87,810,813.38,5102.797027,813.38
16-01-2017,814.24,835,808,831.99,5446.503959,831.99
17-01-2017,831.99,896.23,827,881.22,10452.91361,881.22
18-01-2017,881.22,915.99,851.74,874.5,12431.08001,874.5
19-01-2017,874.03,899,860.01,893.02,9912.469564,893.02
20-01-2017,893.03,910,880,896.11,9056.732812,896.11
21-01-2017,896.1,928,892.81,919.33,6449.965241,919.33
22-01-2017,920,937.74,886.76,908.99,6974.824744,908.99
23-01-2017,908.99,927.57,908.99,921.1,3013.681234,921.1
24-01-2017,919.54,924.17,892.04,906.04,8018.447135,906.04
25-01-2017,906.04,909.48,881.48,894.56,6829.240885,894.56
26-01-2017,893.68,919.48,889.98,918.62,4814.276692,918.62
27-01-2017,918.52,924.88,908.01,923.05,4951.911284,923.05
28-01-2017,923.06,924.8,913.08,917.35,2426.694955,917.35
29-01-2017,917.03,919.99,913.13,916.03,1080.422276,916.03
30-01-2017,916.29,921.38,910,920.46,2073.261993,920.46
31-01-2017,921.37,959.97,917.5,957.03,7048.73794,957.03
1/2/2017,957.79,977.52,947.98,967.9,9255.055867,967.9
2/2/2017,967.9,995.62,966.2,993.38,6478.466001,993.38
3/2/2017,994.59,1022.64,987.01,1015.8,11914.91525,1015.8
4/2/2017,1015.39,1020,1004,1013.34,4853.544165,1013.34
5/2/2017,1013.34,1044.23,1004.7,1014.6,6691.805702,1014.6
6/2/2017,1014.61,1031.94,1005,1021.92,4701.483942,1021.92
7/2/2017,1021.92,1056.25,1017,1047.98,5569.784297,1047.98
8/2/2017,1047.98,1070,1025,1053.08,9274.069809,1053.08
9/2/2017,1054.02,1074.69,913.73,979.04,22164.60559,979.04
10/2/2017,979.04,992,950,980.01,11922.54094,980.01
11/2/2017,980.01,1020,971.42,1006.74,6817.407419,1006.74
12/2/2017,1006.9,1019,997.04,1003.02,2871.323096,1003.02
13-02-2017,1003.01,1007.89,975.1,996.77,4420.811841,996.77
14-02-2017,996.86,1019,987.97,1010.71,6566.020964,1010.71
15-02-2017,1010.7,1012.54,1000.97,1009.98,3415.363643,1009.98
16-02-2017,1009.22,1036,1007.2,1033.96,4780.513728,1033.96
17-02-2017,1034.5,1064.99,1026.81,1056.8,6615.887191,1056.8
18-02-2017,1056.8,1068.99,1049.94,1065.06,5183.496201,1065.06
19-02-2017,1065.06,1067,1039.07,1051,2590.611782,1051
20-02-2017,1052.2,1064.67,1044.39,1062.5,2375.003213,1062.5
21-02-2017,1063.06,1117,1057.95,1101.16,7677.782493,1101.16
22-02-2017,1101.91,1135,1098.16,1131.22,9603.329524,1131.22
23-02-2017,1131.21,1160,1120.73,1155.12,12113.09457,1155.12
24-02-2017,1155.16,1220,1091.1,1197,20505.13706,1197
25-02-2017,1197,1206.73,1145,1159.98,6772.407044,1159.98
26-02-2017,1159.98,1177.99,1127,1168.37,4941.245177,1168.37
27-02-2017,1169.99,1193.32,1167.04,1182.05,3860.437176,1182.05
28-02-2017,1182.05,1209.99,1176.27,1187.15,7802.606211,1187.15
1/3/2017,1186.01,1231,1184.85,1215.41,6664.651244,1215.41
2/3/2017,1215.41,1254.9,1215,1251.15,5177.954121,1251.15
3/3/2017,1253,1298,1239.38,1273.92,9734.910198,1273.92
4/3/2017,1276.31,1289.55,1230,1248.55,5092.012298,1248.55
5/3/2017,1248.02,1270,1232.1,1264.76,3728.714381,1264.76
6/3/2017,1264.76,1285,1251,1279.01,3972.022529,1279.01
7/3/2017,1279.01,1281.62,1175.97,1232.32,11446.28599,1232.32
8/3/2017,1231.03,1268,1160,1187.14,12440.51087,1187.14
9/3/2017,1187.01,1199,1135.01,1192,10315.50996,1192
10/3/2017,1191.71,1350,1170,1239.73,14701.62189,1239.73
11/3/2017,1239.72,1293,975,1184.74,27098.90714,1184.74
12/3/2017,1184.65,1224,1159.57,1210.05,4923.674244,1210.05
13-03-2017,1211.32,1249.02,1210,1240.37,6279.785628,1240.37
14-03-2017,1241,1260,1226.5,1246.93,5851.50701,1246.93
15-03-2017,1248.52,1260,1238.32,1256.2,3965.412769,1256.2
16-03-2017,1256.85,1259.99,1209.56,1218.99,7962.338241,1218.99
17-03-2017,1218.99,1221.4,1077.38,1158.84,20118.69751,1158.84
18-03-2017,1159.64,1165.91,948.73,971.68,21501.35583,971.68
19-03-2017,974.05,1024.92,944.36,1021.4,13197.02997,1021.4
20-03-2017,1021.44,1063.7,1006.56,1043.31,9137.059187,1043.31
21-03-2017,1043.31,1094.5,1025,1087.33,9848.848318,1087.33
22-03-2017,1089.48,1117.9,1001.7,1016.98,12963.29895,1016.98
23-03-2017,1015.04,1054.4,988,1044.13,9592.354981,1044.13
24-03-2017,1044.4,1046.2,968.28,989.97,11080.45628,989.97
25-03-2017,989.7,990.57,891.33,930.8,17340.09028,930.8
26-03-2017,930.19,997,917.28,992.28,8637.432287,992.28
27-03-2017,992.74,1030.99,937.52,1030.96,9399.557182,1030.96
28-03-2017,1028.2,1068.26,1008.62,1059.81,8233.685377,1059.81
29-03-2017,1059.81,1059.99,1008.16,1041.99,10872.34863,1041.99
30-03-2017,1041.36,1050.28,1017.14,1021.04,8993.439278,1021.04
31-03-2017,1021.04,1081,1020.27,1079,9530.960196,1079
1/4/2017,1079.78,1097,1059,1073.65,8087.30124,1073.65
2/4/2017,1073.68,1089,1061.64,1089,4396.112312,1089
3/4/2017,1089,1138.22,1071.12,1135.9,11823.85977,1135.9
4/4/2017,1135.9,1162.93,1118.85,1131.13,9245.237501,1131.13
5/4/2017,1131.13,1145,1111,1120.14,6258.493657,1120.14
6/4/2017,1120.09,1178.96,1119.14,1168.31,6762.110829,1168.31
7/4/2017,1169.9,1202,1167.95,1193,6969.195841,1193
8/4/2017,1192.36,1198.13,1181.02,1186.18,3889.13568,1186.18
9/4/2017,1185.12,1198.88,1166.66,1198.56,3473.228713,1198.56
10/4/2017,1198.03,1219.71,1197.46,1208.05,4785.785462,1208.05
11/4/2017,1210.41,1222,1195,1219.03,3863.167102,1219.03
12/4/2017,1219.03,1229,1208,1219,2885.288566,1219
13-04-2017,1219.05,1221.5,1165,1174.98,6057.774227,1174.98
14-04-2017,1174.3,1193,1141,1176.1,10147.49215,1176.1
15-04-2017,1176.1,1192.5,1160.61,1185,2617.52269,1185
16-04-2017,1185,1190.73,1150,1168,2829.68127,1168
17-04-2017,1163.01,1192.5,1161,1187.77,2745.994042,1187.77
18-04-2017,1187.65,1210,1174.88,1202.25,5595.228026,1202.25
19-04-2017,1202.25,1209.99,1190,1202,4880.124572,1202
20-04-2017,1202.19,1230,1190,1229.91,6120.195104,1229.91
21-04-2017,1229.86,1252.32,1223.66,1239.52,5360.228623,1239.52
22-04-2017,1241.58,1247.15,1199,1227.72,4620.947363,1227.72
23-04-2017,1224.36,1248.99,1223.42,1240.2,3181.383147,1240.2
24-04-2017,1240.2,1248.4,1231,1244.57,3021.473833,1244.57
25-04-2017,1246.38,1274,1243.03,1269.4,4056.469802,1269.4
26-04-2017,1269.4,1310,1265,1307.8,6855.516103,1307.8
27-04-2017,1308.74,1338,1281,1330.98,7765.472356,1330.98
28-04-2017,1330.99,1347.02,1300,1328.65,7934.361072,1328.65
29-04-2017,1328.65,1340,1299,1330.12,5495.336777,1330.12
30-04-2017,1330.06,1342.8,1315.68,1322.71,2930.152121,1322.71
1/5/2017,1323,1391.31,1321.4,1387.84,6537.622537,1387.84
2/5/2017,1389.94,1481.73,1382.71,1450.86,9833.184611,1450.86
3/5/2017,1448.16,1485.65,1403,1480,9082.409694,1480
4/5/2017,1480,1588.08,1461.14,1586.55,13906.88399,1586.55
5/5/2017,1586.56,1623.01,1444.94,1545,21286.46081,1545
6/5/2017,1546.79,1564.32,1495,1521.15,10220.55037,1521.15
7/5/2017,1521.14,1578.97,1520.53,1540.22,7434.050488,1540.22
8/5/2017,1540.22,1609.98,1525.1,1573.94,15712.34436,1573.94
9/5/2017,1573.94,1760.4,1562.11,1722.53,17705.94385,1722.53
10/5/2017,1722.56,1794.21,1661.07,1788.44,13575.31704,1788.44
11/5/2017,1788.44,1892,1745,1861,13529.63575,1861
12/5/2017,1861,1868,1733,1751.38,13868.17644,1751.38
13-05-2017,1751.98,1766,1601.46,1710.3,16257.63969,1710.3
14-05-2017,1707.52,1815,1699,1772,5559.806771,1772
15-05-2017,1774.72,1792,1682.56,1706.95,10099.58585,1706.95
16-05-2017,1713.06,1745.54,1641.22,1739.01,16887.57204,1739.01
17-05-2017,1740,1840.42,1670.01,1829.98,16397.99011,1829.98
18-05-2017,1829.91,1862.3,1765.26,1855.99,14341.67582,1855.99
19-05-2017,1852.32,1954.99,1846.5,1948.99,12388.59244,1948.99
20-05-2017,1949.99,1989,1898,1957.08,12947.24269,1957.08
21-05-2017,1948.16,2063.11,1947.46,2004.44,9187.695569,2004.44
22-05-2017,1999,2181.99,1983,2172.4,10708.50407,2172.4
23-05-2017,2171.93,2259.11,2001,2250,16650.20106,2250
24-05-2017,2250,2420,2189.88,2418,18050.56359,2418
25-05-2017,2418,2760.1,2350,2686.98,25251.04997,2686.98
26-05-2017,2686.02,2693.38,2221,2416.09,30318.21036,2416.09
27-05-2017,2415,2460,1850,2087.2,36266.73139,2087.2
28-05-2017,2087.2,2313.96,2001,2143.01,16657.30034,2143.01
29-05-2017,2143.01,2300.58,2081,2259.94,10686.3452,2259.94
30-05-2017,2260.05,2350,2214.95,2233.33,14080.50244,2233.33
31-05-2017,2233.3,2329.39,2154.28,2306.61,14802.2915,2306.61
1/6/2017,2299.01,2456.39,2269.36,2402.65,19216.14026,2402.65
2/6/2017,2402.65,2449.55,2321.05,2429.59,13123.6607,2429.59
3/6/2017,2428.18,2570,2400.13,2568.86,10791.18621,2568.86
4/6/2017,2568.86,2584.34,2477.99,2527.11,11162.50309,2527.11
5/6/2017,2526.07,2627.47,2460,2618.86,9733.901726,2618.86
6/6/2017,2618,2933,2608.25,2839.7,21685.43848,2839.7
7/6/2017,2839.97,2893.28,2689.4,2800,18775.74812,2800
8/6/2017,2799.97,2831.27,2612.5,2736.62,17127.82839,2736.62
9/6/2017,2736.55,2868.23,2700,2852,9268.814421,2852
10/6/2017,2851.99,2912.98,2790,2864,8366.933332,2864
11/6/2017,2864,2948,2800,2943.9,8676.776642,2943.9
12/6/2017,2943.92,2980,2702,2775.99,18865.75265,2775.99
13-06-2017,2775.97,2783.62,2480.03,2737.05,25550.92514,2737.05
14-06-2017,2741.67,2801,2535.75,2617.95,19707.27959,2617.95
15-06-2017,2617.95,2624.79,2120,2245.76,42222.67912,2245.76
16-06-2017,2246.71,2525,2198.13,2457.96,19729.6495,2457.96
17-06-2017,2458,2610,2412.1,2605.4,11154.13604,2605.4
18-06-2017,2605.45,2674.4,2485,2562.77,9966.652287,2562.77
19-06-2017,2566.72,2583.47,2460.62,2548,10836.88723,2548
20-06-2017,2548.01,2674.4,2548,2658.29,12116.7757,2658.29
21-06-2017,2658.02,2789,2632.81,2709.9,16330.39963,2709.9
22-06-2017,2709.9,2734.5,2594.61,2734.48,14014.36242,2734.48
23-06-2017,2734.5,2740,2675.71,2727.75,8126.587105,2727.75
24-06-2017,2725.17,2745,2598.28,2662.48,10379.14715,2662.48
25-06-2017,2656.65,2663.49,2505.25,2562.31,11300.48679,2562.31
26-06-2017,2562,2599,2417,2420.3,18335.33102,2420.3
27-06-2017,2419.98,2465,2307,2349.42,20458.59041,2349.42
28-06-2017,2350,2570,2291,2551.69,16403.40027,2551.69
29-06-2017,2551.69,2593,2500.31,2554.14,8318.244626,2554.14
30-06-2017,2554.14,2594.78,2503.01,2525.76,8826.709152,2525.76
1/7/2017,2521.47,2537.91,2430,2466.35,7804.405035,2466.35
2/7/2017,2466.35,2469.99,2374.34,2466,9855.425114,2466
3/7/2017,2466.03,2595,2456.23,2573.99,11864.24388,2573.99
4/7/2017,2572.96,2639.47,2527.8,2580.81,10093.03185,2580.81
5/7/2017,2580,2601.96,2530.1,2575.04,10202.30992,2575.04
6/7/2017,2571.7,2623,2522,2588,8983.68458,2588
7/7/2017,2588,2612,2486.01,2522.69,9021.583749,2522.69
8/7/2017,2522.78,2539.53,2462,2527.81,6813.490788,2527.81
9/7/2017,2521.61,2564.65,2507.12,2551.53,4239.638801,2551.53
10/7/2017,2551.53,2558.42,2365.11,2394,10971.40828,2394
11/7/2017,2394,2434.99,2242.62,2347,20966.28252,2347
12/7/2017,2347,2385.14,2239.54,2374.6,12841.85503,2374.6
13-07-2017,2371.98,2425.16,2335.97,2344.93,10408.71969,2344.93
14-07-2017,2342,2361.26,2251.04,2259,7710.587706,2259
15-07-2017,2259,2266,1978,2023.26,21699.94444,2023.26
16-07-2017,2023.26,2105,1830,1908.61,24307.89055,1908.61
17-07-2017,1901.52,2099,1850.93,2046.03,21753.28189,2046.03
18-07-2017,2046.01,2374.78,2046.01,2351.69,29439.49166,2351.69
19-07-2017,2351.69,2402.5,2232.5,2315.9,18339.29762,2315.9
20-07-2017,2315.9,2665.99,2223,2619.17,23161.43379,2619.17
21-07-2017,2619.17,2938,2560,2717.97,29232.42568,2717.97
22-07-2017,2715.27,2882,2611.39,2787.9,15183.12049,2787.9
23-07-2017,2787.81,2855,2640,2779.7,12048.20892,2779.7
24-07-2017,2776.43,2800,2701,2762.99,8816.099997,2762.99
25-07-2017,2762,2778,2511,2580.21,17327.30678,2580.21
26-07-2017,2580.21,2608.96,2400,2436.7,20641.02161,2436.7
27-07-2017,2436.93,2600,2407,2541.06,12203.06636,2541.06
28-07-2017,2541.06,2825,2526.11,2742.9,14076.46367,2742.9
29-07-2017,2742.89,2800,2657.39,2707.06,10809.56264,2707.06
30-07-2017,2707.02,2746.79,2569.69,2720.25,11457.65777,2720.25
31-07-2017,2720.24,2792.23,2680.01,2761.41,8903.321905,2761.41
1/8/2017,2763.23,2929.17,2615,2676,12566.829,2676
2/8/2017,2676,2779.53,2652.92,2698.05,10811.81967,2698.05
3/8/2017,2698.08,2770,2650,2768,7362.894666,2768
4/8/2017,2768,2875.8,2737.87,2868.15,8456.625272,2868.15
5/8/2017,2868.16,3230,2825,3192.37,13878.96071,3192.37
6/8/2017,3204.5,3339.66,3146.1,3241.5,10013.29176,3241.5
7/8/2017,3241.02,3430,3186,3380,9526.76871,3380
8/8/2017,3387.32,3490,3325,3380,16095.54039,3380
9/8/2017,3383.43,3463.31,3178.72,3285.05,13921.31085,3285.05
10/8/2017,3284,3447,3269.9,3441,11189.86235,3441
11/8/2017,3446.65,3550,3385,3535.09,10722.84937,3535.09
12/8/2017,3543,3866,3511,3845.97,10215.82579,3845.97
13-08-2017,3845.97,4190,3725.37,4033,18990.82281,4033
14-08-2017,4023.72,4299,3935,4242.67,11478.95056,4242.67
15-08-2017,4246.06,4400,3800,3985.34,24204.1117,3985.34
16-08-2017,3985.34,4321.69,3926.06,4308.63,14577.86559,4308.63
17-08-2017,4308.63,4480,4208.88,4350,12999.33696,4350
18-08-2017,4349.99,4368,4167.21,4224,14926.5611,4224
19-08-2017,4224,4269.3,3900,3946,20840.31044,3946
20-08-2017,3948,4130,3925.7,4040.11,7562.97917,4040.11
21-08-2017,4040.11,4125.95,3949.78,4004.99,8469.455206,4004.99
22-08-2017,4004.99,4042.05,3600,3905.24,20100.10982,3905.24
23-08-2017,3905.02,4248.97,3905,4209.97,15466.449,4209.97
24-08-2017,4209.95,4246.41,4062.26,4230.84,12991.16433,4230.84
25-08-2017,4220.25,4445.09,4185.67,4419.98,9795.039245,4419.98
26-08-2017,4421.95,4449.98,4232.43,4299.96,9153.055598,4299.96
27-08-2017,4295.11,4393.3,4269.28,4337.19,4561.237157,4337.19
28-08-2017,4352.13,4365.96,4169.01,4293.33,6710.157768,4293.33
29-08-2017,4293.33,4649.78,4287.28,4576.26,11405.26755,4576.26
30-08-2017,4576.26,4642.22,4479,4561,10231.41514,4561
31-08-2017,4567.21,4739.78,4532.58,4718.46,7734.854547,4718.46
1/9/2017,4719,4870,4671.09,4836.86,12841.40885,4836.86
2/9/2017,4836.85,4979.9,4488.5,4591.55,18216.00663,4591.55
3/9/2017,4591.55,4700,4385,4450.6,11902.44678,4450.6
4/9/2017,4463.2,4624.72,4200,4247.55,19093.81143,4247.55
5/9/2017,4247.54,4410.97,4001.93,4246.85,24840.05141,4246.85
6/9/2017,4258.97,4628.39,4215.12,4615.09,18493.40167,4615.09
7/9/2017,4617,4674.34,4475,4641.06,10065.7012,4641.06
8/9/2017,4647.85,4679.97,4227.64,4389.49,16467.36775,4389.49
9/9/2017,4374.97,4449.99,4125.99,4285,16726.89927,4285
10/9/2017,4285,4334.38,4010,4128.78,14810.30707,4128.78
11/9/2017,4138.55,4353.49,4092.4,4240,12138.57665,4240
12/9/2017,4240,4377.65,4170.99,4237.56,9757.039193,4237.56
13-09-2017,4237.84,4265.28,3720.01,3819.51,28244.72803,3819.51
14-09-2017,3819.51,3960,3426.92,3520,32174.56426,3520
15-09-2017,3519.7,3712.92,2972.01,3701.3,61643.69273,3701.3
16-09-2017,3701.3,3872.9,3456.13,3550,33255.21493,3550
17-09-2017,3538.6,3727,3463,3664.68,13435.62649,3664.68
18-09-2017,3664.68,4100,3646.39,4039.07,16631.94838,4039.07
19-09-2017,4039.06,4122.7,3848.35,3998,14932.12708,3998
20-09-2017,3998.51,4050,3820.56,4000,12460.08394,4000
21-09-2017,3999.98,4026,3698.19,3755,12869.29202,3755
22-09-2017,3755,3761.84,3514,3539.73,19264.51863,3539.73
23-09-2017,3531.29,3810.25,3524.15,3724,11423.07372,3724
24-09-2017,3718,3783.25,3615,3703.89,7880.310425,3703.89
25-09-2017,3698.11,3949,3630,3930,12133.82969,3930
26-09-2017,3930.01,3970,3850.61,3925.04,12156.45138,3925.04
27-09-2017,3921.22,4100,3870,4070.68,11853.92007,4070.68
28-09-2017,4070.69,4270.01,4070.64,4141.08,12462.18504,4141.08
29-09-2017,4140,4224.89,4022.02,4184.18,12003.5068,4184.18
30-09-2017,4184.18,4335.22,4132.01,4329.96,8016.700394,4329.96
1/10/2017,4322.24,4349,4216,4270.01,7750.820094,4270.01
2/10/2017,4270,4453,4257.49,4380.46,7423.809908,4380.46
3/10/2017,4380.46,4425,4218,4293,11975.7962,4293
4/10/2017,4293.96,4343,4170.07,4212.04,9623.280133,4212.04
5/10/2017,4217.84,4334.38,4137.96,4314.24,7741.089678,4314.24
6/10/2017,4316.99,4425,4278.4,4376.72,8093.683502,4376.72
7/10/2017,4371.61,4393.05,4298.01,4332.24,5142.720485,4332.24
8/10/2017,4342.1,4570.89,4317.66,4568.46,9025.683018,4568.46
9/10/2017,4568.45,4670,4525.92,4634,9624.829832,4634
10/10/2017,4634,4865,4620,4789,13289.32279,4789
11/10/2017,4787.05,4909.97,4700,4832.03,11947.94409,4832.03
12/10/2017,4836.85,5311.18,4789.04,5311.12,17608.43653,5311.12
13-10-2017,5311.18,5846.43,5222,5721,27790.0075,5721
14-10-2017,5720,5767.14,5479.48,5690.96,11210.20923,5690.96
15-10-2017,5702.39,5830,5415,5520.14,10983.30439,5520.14
16-10-2017,5534.16,5747.97,5452.95,5699.95,8500.407635,5699.95
17-10-2017,5699.92,5807.11,5506.78,5584.96,10607.05591,5584.96
18-10-2017,5584,5639.9,5101.36,5324.07,15770.2116,5324.07
19-10-2017,5324.07,5735,5320.12,5640.04,12665.0397,5640.04
20-10-2017,5645.79,6000.1,5589.8,5964.24,11625.46868,5964.24
21-10-2017,5964.24,6180,5886.6,6156.13,14920.41863,6156.13
22-10-2017,6142.61,6165,5700,6009.99,15900.40864,6009.99
23-10-2017,6009.99,6045.34,5617.75,5790,12906.50302,5790
24-10-2017,5790,6000,5534.32,5654.99,17158.28074,5654.99
25-10-2017,5649.99,5740,5366,5482.4,14217.9115,5482.4
26-10-2017,5482.43,5988,5470,5940.25,11245.43098,5940.25
27-10-2017,5944.5,5994.06,5674.06,5744.73,13023.55944,5744.73
28-10-2017,5744.73,5875.66,5646.18,5699.99,7873.168239,5699.99
29-10-2017,5698.11,6031.51,5683,5986.27,8256.45797,5986.27
30-10-2017,5980.12,6316.85,5934.56,6081.09,16272.01663,6081.09
31-10-2017,6088.76,6420,6047.08,6370.67,12100.07345,6370.67
1/11/2017,6370.68,6591,6280.99,6564.56,10768.2243,6564.56
2/11/2017,6560.54,7354.1,6524.45,7075,26548.59695,7075
3/11/2017,7075,7500,6822,7343.86,16985.7433,7343.86
4/11/2017,7343.99,7350.36,6994,7334.78,10612.93622,7334.78
5/11/2017,7344.99,7590,7275.16,7512,8519.759383,7512
6/11/2017,7512.1,7570.56,7073.95,7270.1,13644.27969,7270.1
7/11/2017,7267.02,7280.66,6922.07,7051,17981.88891,7051
8/11/2017,7051.01,7549.7,6956.88,7493.79,12613.17817,7493.79
9/11/2017,7493.86,7888,7061.2,7174,26545.81909,7174
10/11/2017,7171.69,7343.18,6718.49,6849.9,17115.02811,6849.9
11/11/2017,6849.49,6945.7,6300,6398.35,22698.11268,6398.35
12/11/2017,6388.67,6520.54,5555.55,6255.78,33360.66637,6255.78
13-11-2017,6255,6775.75,5645,6717.19,27836.1729,6717.19
14-11-2017,6701.05,6750,6310,6575.84,16211.67293,6575.84
15-11-2017,6563.13,7275.16,6511.08,7260.11,15976.35641,7260.11
16-11-2017,7261.73,7538,7089,7462.16,15129.142,7462.16
17-11-2017,7462,7997,7425.16,7964.96,22461.75086,7964.96
18-11-2017,7964.94,7993.93,7431.54,7679.38,10173.54116,7679.38
19-11-2017,7679.23,7858,7633.65,7738.7,5616.859073,7738.7
20-11-2017,7738.68,8226,7733.01,8207.2,10176.1509,8207.2
21-11-2017,8200.57,8354.46,7770,8338.98,11742.33659,8338.98
22-11-2017,8337.2,8345,7935,8224.99,9518.855954,8224.99
23-11-2017,8224.89,8284,8058.69,8163.44,8329.794843,8163.44
24-11-2017,8164.44,8340,7876,8183.96,9921.403966,8183.96
25-11-2017,8183.96,8649.98,8114.78,8592,11615.88376,8592
26-11-2017,8591.99,9055.51,8538.2,9044,7486.643417,9044
27-11-2017,9044,9721.7,8971.11,9649.99,16578.30639,9649.99
28-11-2017,9649.99,9915,9458,9899,10356.92262,9899
29-11-2017,9899,11395,9848,10819.12,22537.65622,10819.12
30-11-2017,10819.12,11000,9000,9249.99,32550.0372,9249.99
1/12/2017,9247.17,10744,9110,10557.78,19810.47684,10557.78
2/12/2017,10557.78,11200,10410,10736.81,12137.38842,10736.81
3/12/2017,10749.1,11800.01,10686.02,11744.22,7933.460287,11744.22
4/12/2017,11718.8,11799.99,10513.16,11342.56,17458.84036,11342.56
5/12/2017,11342.56,11850,11100,11801.1,13076.36431,11801.1
6/12/2017,11806.97,12815.18,11560,12543.85,15445.01577,12543.85
7/12/2017,12520.07,15700,12400,15695,23905.41726,15695
8/12/2017,15698.49,16666.66,13482.42,15298,30220.22622,15298
9/12/2017,15304.51,15998.5,14418,14547.85,12074.46444,14547.85
10/12/2017,14538.97,15192.32,12701.05,15014.72,21618.82991,15014.72
11/12/2017,15005.03,16570,14029.86,16296.76,16247.86079,16296.76
12/12/2017,16296.77,17270,15967.29,17055,14356.80631,17055
13-12-2017,17055,17428.42,16200,16705.01,15672.4309,16705.01
14-12-2017,16705.01,16830.45,15497.69,16307.77,15699.8325,16307.77
15-12-2017,16307.77,17934,16072.73,17499.9,18915.54636,17499.9
16-12-2017,17497.4,18800,17111,18799.99,10238.37509,18799.99
17-12-2017,18788.98,19666,18503.37,19234.56,9307.254986,19234.56
18-12-2017,19246.05,19310.67,17835.2,18835.41,15058.149,18835.41
19-12-2017,18845.41,19160.79,17500,18062.2,16559.93716,18062.2
20-12-2017,18059,18444,15800,16588.37,30288.34422,16588.37
21-12-2017,16588.36,17281.17,15317,15550,22688.37342,15550
22-12-2017,15550,15855,11159.93,13340,51126.97812,13340
23-12-2017,13340,15756.22,12305.47,14878.87,30036.15626,14878.87
24-12-2017,14876.86,15599.64,12488,13388.99,20188.73809,13388.99
25-12-2017,13383.01,14650,12622,13805,12988.49937,13805
26-12-2017,13805,15914.38,13555.01,15763.03,13313.70853,15763.03
27-12-2017,15770,16480.52,15066.29,15296,14313.69585,15296
28-12-2017,15295.98,15483.22,13500,14260.72,18007.9534,14260.72
29-12-2017,14258.6,15111,13523.03,14533.11,14133.36733,14533.11
30-12-2017,14533.11,14869.1,12244.19,12695.24,20664.84815,12695.24
31-12-2017,12673.81,13462.82,12050,13301.75,12948.06597,13301.75
1/1/2018,13351.01,14296.06,12801.38,13276.78,9268.96169,13276.78
2/1/2018,13276,14073.74,12910.58,13714.88,10700.18668,13714.88
3/1/2018,13714.82,15500,13645.29,15133.59,15519.88621,15133.59
4/1/2018,15126.29,15430.27,14192.37,14551.29,13836.32511,14551.29
5/1/2018,14551.36,16189,14401.74,15969.11,15069.07392,15969.11
6/1/2018,15981.21,17200,15981.21,16592.53,13874.52509,16592.53
7/1/2018,16592.53,17234.99,16311,16443,7060.552664,16443
8/1/2018,16427.63,16521.66,13900,14500,16530.28304,14500
9/1/2018,14500,15367.18,14123.97,14700,13566.06742,14700
10/1/2018,14690,14988.72,13412,14406.94,18316.18877,14406.94
11/1/2018,14406.94,14973.07,12800,13969,19359.26241,13969
12/1/2018,13969,14161.75,12807.27,13698.54,14680.52057,13698.54
13-01-2018,13698.45,14619.1,13395.76,14266.13,9336.08515,14266.13
14-01-2018,14266.13,14400,13072.22,13229.05,7375.024057,13229.05
15-01-2018,13222.98,14394.36,13072.23,14098,8100.502025,14098
16-01-2018,14098,14185.25,11191.59,12313.29,25973.45523,12313.29
17-01-2018,12313.29,12409.22,9222,9557.62,42606.77535,9557.62
18-01-2018,9538.55,12146,9526.11,12070,29571.11636,12070
19-01-2018,12074.85,12074.85,11054.84,11559.26,16488.9055,11559.26
20-01-2018,11559.26,12823.03,11025.18,12569.4,11852.16266,12569.4
21-01-2018,12539.76,13052.12,11589.73,11589.73,10172.53824,11589.73
22-01-2018,11589.73,11910.78,10330.01,10481.08,14476.27716,10481.08
23-01-2018,10481.08,10994.56,9927.54,10774.61,18537.22568,10774.61
24-01-2018,10765,11500,10488.13,11069.93,13797.9717,11069.93
25-01-2018,11072,11741.82,10890,10952.06,11179.05855,10952.06
26-01-2018,10962.05,11635,10263.32,11043.08,14593.23566,11043.08
27-01-2018,11049.98,11525,10780.18,11500.01,9411.427625,11500.01
28-01-2018,11500.99,11989.15,11332.29,11583.63,11400.42002,11583.63
29-01-2018,11583.63,11820.01,11037.77,11288.74,9857.536152,11288.74
30-01-2018,11288.75,11305,10178.54,10292.23,13345.66089,10292.23
31-01-2018,10270.72,10451.4,9514.96,9945.92,19600.79952,9945.92
1/2/2018,9962.79,10187.56,9022.46,9216.99,17000.22789,9216.99
2/2/2018,9216.99,9234.1,7625.25,8973.35,48545.8146,8973.35
3/2/2018,9000.77,9443.96,8170.71,9208.11,20739.31011,9208.11
4/2/2018,9207.54,9491.2,8294.04,8372.37,13535.97783,8372.37
5/2/2018,8374.07,8560,7141,7326.59,32890.35872,7326.59
6/2/2018,7349.9,7486.98,5920.72,7308.01,72049.17403,7308.01
7/2/2018,7329.31,8649,6800,8198,44776.19837,8198
8/2/2018,8217.33,8644.36,7543.27,8216.18,23857.84367,8216.18
9/2/2018,8207.73,8489.98,7753.32,8331.82,21124.1016,8331.82
10/2/2018,8331.8,9090.8,8296.31,8373.9,16881.46528,8373.9
11/2/2018,8359,8589.1,7820,8414.26,13262.57641,8414.26
12/2/2018,8425,8850,8026,8655.79,13767.45661,8655.79
13-02-2018,8666.5,8995,8360.13,8503.18,13724.04057,8503.18
14-02-2018,8503.13,9349.99,8461.38,9342.99,14487.81696,9342.99
15-02-2018,9342.99,9977,9188.1,9851.73,18677.32543,9851.73
16-02-2018,9834.89,10300,9707.51,10033.95,16714.08356,10033.95
17-02-2018,10049.23,10870.35,9902.78,10748.58,12814.50579,10748.58
18-02-2018,10748.36,11300,10153.15,10719.71,17704.27129,10719.71
19-02-2018,10719.72,11218.03,10307.51,11170.01,11387.01213,11170.01
20-02-2018,11170.1,11645.67,10901.65,11522.56,13083.20915,11522.56
21-02-2018,11522.56,11780,10432.75,10598.97,22261.90392,10598.97
22-02-2018,10581.05,10935,9775.92,10021.84,20507.69894,10021.84
23-02-2018,10021.84,10405.3,9600,10324.11,16411.83929,10324.11
24-02-2018,10315,10540.63,9533,9750,14772.84094,9750
25-02-2018,9738.93,9883.41,9260,9398.21,11082.15717,9398.21
26-02-2018,9398.67,10345,9304.95,10243.56,13754.65952,10243.56
27-02-2018,10246.01,10850,10130.8,10576.01,13849.30307,10576.01
28-02-2018,10578.37,11064.75,10364.78,10496.24,10171.1274,10496.24
1/3/2018,10510.99,10832.15,10223.41,10718.11,8539.780386,10718.11
2/3/2018,10713.87,11175,10692.32,10863.99,10325.42162,10863.99
3/3/2018,10860.1,11482.03,10779.5,11456.43,7961.107993,11456.43
4/3/2018,11458.31,11503.24,11054.91,11129,4909.25371,11129
5/3/2018,11125,11618.7,11097.5,11505.01,9807.588595,11505.01
6/3/2018,11500.3,11688,10800,10971.18,12868.15603,10971.18
7/3/2018,10971.17,10995,10417,10655,14123.25061,10655
8/3/2018,10655,10685,9450,9936.85,30907.56718,9936.85
9/3/2018,9934.24,9940.95,8366,8975.01,30838.99795,8975.01
10/3/2018,8975.01,9514.96,8600,9356.03,14343.01586,9356.03
11/3/2018,9354.71,9430.99,8450,9100,16094.9305,9100
12/3/2018,9100,9892,9098.96,9193.31,17058.73608,9193.31
13-03-2018,9185.77,9482.79,8742.07,9101.1,20325.72929,9101.1
14-03-2018,9081.06,9356.14,8595,8742.72,14172.31995,8742.72
15-03-2018,8737.5,8742.71,7682,8103.03,25031.65836,8103.03
16-03-2018,8102.99,8613.06,7914.08,8554.04,15748.13871,8554.04
17-03-2018,8554.42,8595.46,7860.36,7897.82,13015.34989,7897.82
18-03-2018,7903.98,8091.64,7325.37,7387.73,15134.3661,7387.73
19-03-2018,7378.96,8718.74,7326,8572.04,22040.50898,8572.04
20-03-2018,8579.46,8655.45,8232.14,8538.4,13505.91845,8538.4
21-03-2018,8540.07,9188.1,8530.23,9045.91,12876.84605,9045.91
22-03-2018,9045,9099.59,8503.52,8612.12,14032.15254,8612.12
23-03-2018,8610,8766.03,8265,8631.62,13508.50186,8631.62
24-03-2018,8631.62,9020,8552.55,8954.99,9780.978865,8954.99
25-03-2018,8955.28,8972.2,8368.63,8479.79,9338.943387,8479.79
26-03-2018,8477.2,8680,8019.42,8084.65,15703.84226,8084.65
27-03-2018,8080,8273.36,7742.11,8057.89,14594.98533,8057.89
28-03-2018,8057.89,8126.4,7723.03,7867.14,9735.828501,7867.14
29-03-2018,7867.14,8000,7330,7468,13711.54821,7468
30-03-2018,7483.25,7562.13,6550,6780.05,33121.86778,6780.05
31-03-2018,6787.49,7231.73,6591.79,7040.95,14942.38705,7040.95
1/4/2018,7042.44,7179.17,6429.23,6429.36,13792.13058,6429.36
2/4/2018,6429.36,7106.5,6427.16,7021.61,17337.53189,7021.61
3/4/2018,7028.8,7444.66,6894.57,7385.45,15979.32329,7385.45
4/4/2018,7382.38,7506.84,6766.76,6785.7,14678.09771,6785.7
5/4/2018,6779.32,6928.7,6578.95,6749.06,13248.90887,6749.06
6/4/2018,6750.72,6850,6510,6603.09,10067.56848,6603.09
7/4/2018,6603.09,7029.12,6539.69,7004.3,7649.161907,7004.3
8/4/2018,7004.3,7104.52,6863,7045.91,4965.542992,7045.91
9/4/2018,7042.72,7175.83,6660,6722.24,8538.767525,6722.24
10/4/2018,6728.77,6868.81,6611.49,6821.48,7367.046521,6821.48
11/4/2018,6821.48,6984.92,6779.44,6942.75,5557.22201,6942.75
12/4/2018,6940,8069.34,6758.45,7626.76,16385.55397,7626.76
13-04-2018,7626.76,8239.33,7570.05,8140.94,19507.97957,8140.94
14-04-2018,8140.94,8232.14,7805,7973.04,12343.49257,7973.04
15-04-2018,7968.81,8417,7929.88,8278.21,7605.72804,8278.21
16-04-2018,8276.4,8424.99,7905,7974.94,10671.10879,7974.94
17-04-2018,7969.48,8160.85,7938.78,8075.33,7235.48753,8075.33
18-04-2018,8083.54,8170.99,7806.81,7995.11,9441.349753,7995.11
19-04-2018,8000.66,8282,7995.11,8228.55,10405.95669,8228.55
20-04-2018,8228.99,8567.68,8200.01,8463.15,13554.10528,8463.15
21-04-2018,8469.46,9023.4,8453.5,8822.66,18074.14414,8822.66
22-04-2018,8825.99,9036.52,8718.74,8940.71,8603.574622,8940.71
23-04-2018,8933.19,9021.79,8760,8904.96,9899.37937,8904.96
24-04-2018,8904.96,9413,8794.67,9364.2,17131.4833,9364.2
25-04-2018,9362.24,9755.53,8751,8961.29,31854.59044,8961.29
26-04-2018,8964.9,9175,8647.29,8809.27,21917.02403,8809.27
27-04-2018,8805.54,9387.82,8773.95,9230,12898.76213,9230
28-04-2018,9234.52,9425,8854.47,9350,16501.88919,9350
29-04-2018,9353.82,9538.75,9180,9324.92,12877.72489,9324.92
30-04-2018,9327.98,9443.96,9111,9290.01,7026.606347,9290.01
1/5/2018,9290.71,9355.42,8815.91,8921.37,12650.70149,8921.37
2/5/2018,8908.39,9188.1,8902.07,9144.29,10194.90779,9144.29
3/5/2018,9144.97,9480,9051.48,9417.03,9499.422018,9417.03
4/5/2018,9419.9,9799.99,9408.3,9600,10660.51707,9600
5/5/2018,9603.56,9948.98,9562.6,9874.48,6178.189616,9874.48
6/5/2018,9874.36,9918.41,9375,9463.2,9111.639346,9463.2
7/5/2018,9461.78,9634.5,9175,9349,11808.26588,9349
8/5/2018,9349,9450,9015,9178.79,11889.7237,9178.79
9/5/2018,9174.73,9328.09,8974.62,9272.3,11502.23918,9272.3
10/5/2018,9272.3,9393,9179.98,9326.72,9064.222113,9326.72
11/5/2018,9326.72,9365,8503.74,8582.33,21300.33922,8582.33
12/5/2018,8582.61,8684.3,8208.81,8362.69,16648.62363,8362.69
13-05-2018,8361.97,8644.03,8264.98,8618.15,9542.272943,8618.15
14-05-2018,8613.68,8828.27,8286.57,8793.42,17761.58153,8793.42
15-05-2018,8785.6,8900.9,8467.42,8520.3,13680.40325,8520.3
16-05-2018,8527.81,8589.1,8100.01,8285.8,13396.60958,8285.8
17-05-2018,8277.76,8500,8191.14,8306.39,8278.102031,8306.39
18-05-2018,8298,8328.23,7929.53,8117.09,8440.506258,8117.09
19-05-2018,8117.14,8395,8088.46,8310,4579.259691,8310
20-05-2018,8301.16,8377.29,8170.71,8377.2,4194.898963,8377.2
21-05-2018,8377.28,8590,8358.17,8409.42,6646.453519,8409.42
22-05-2018,8419.03,8455,8119.38,8232.8,7391.793745,8232.8
23-05-2018,8222.02,8259.95,7676.27,7710.02,12114.98288,7710.02
24-05-2018,7714.9,7733.99,7267.24,7566.92,17676.87005,7566.92
25-05-2018,7567.93,7661.07,7328.13,7500,10466.79619,7500
26-05-2018,7500.01,7622.87,7360.5,7534.58,4897.950779,7534.58
27-05-2018,7534.58,7614.9,7213.09,7337.99,3791.649408,7337.99
28-05-2018,7345.63,7445,7170,7244.95,5359.562869,7244.95
29-05-2018,7244.43,7484.39,7026.9,7425,10506.71057,7425
30-05-2018,7424.99,7559,7305,7336.6,9164.492182,7336.6
31-05-2018,7335.41,7599.99,7273.89,7553.33,7055.992876,7553.33
1/6/2018,7558.05,7620.01,7348.45,7436.55,8072.425682,7436.55
2/6/2018,7436.5,7700,7388.32,7620.52,4644.220542,7620.52
3/6/2018,7620.5,7790.69,7581.03,7716.82,3972.089334,7716.82
4/6/2018,7716.36,7764.44,7456.06,7505,6760.603924,7505
5/6/2018,7505.1,7570.99,7360,7570.99,8064.998343,7570.99
6/6/2018,7570.99,7685,7537.12,7651.28,7524.821419,7651.28
7/6/2018,7651.17,7750,7482.61,7686.16,8906.453874,7686.16
8/6/2018,7686.99,7733.99,7542,7637.45,5333.269102,7637.45
9/6/2018,7637.45,7686.45,7575,7621.45,2577.717832,7621.45
10/6/2018,7621.57,7636.59,7175.83,7246.69,5946.58689,7246.69
11/6/2018,7244.34,7254.55,6627.7,6713.95,18312.72726,6713.95
12/6/2018,6704.91,6919.97,6680,6764.71,6990.085172,6764.71
13-06-2018,6765.79,6770.15,6351,6386.87,15739.2593,6386.87
14-06-2018,6386.86,6549,6120,6356.53,17668.07782,6356.53
15-06-2018,6356.3,6708.1,6348.66,6530,10017.05701,6530
16-06-2018,6542.5,6624.79,6333.63,6364.7,3947.454075,6364.7
17-06-2018,6364.99,6575.35,6336.37,6514.55,3098.965862,6514.55
18-06-2018,6523.92,6553.61,6381.25,6465.99,4275.005751,6465.99
19-06-2018,6465.99,6841.81,6457.39,6747.57,6660.787771,6747.57
20-06-2018,6747.57,6783.02,6558.95,6761.01,5280.117752,6761.01
21-06-2018,6761.01,6809.26,6677.85,6722.91,4822.588908,6722.91
22-06-2018,6721.7,6754.16,6085.59,6159.71,14220.37866,6159.71
23-06-2018,6158.6,6250,5940,6117.98,9084.067388,6117.98
24-06-2018,6117.98,6261,5780,5788.72,8998.691777,5788.72
25-06-2018,5789.74,6365.34,5780,6289.31,11387.91989,6289.31
26-06-2018,6297.96,6324.99,6120,6188,6264.175457,6188
27-06-2018,6193.1,6264,5985,6105.85,9176.558614,6105.85
28-06-2018,6104.99,6181.11,6060,6091.2,5445.840392,6091.2
29-06-2018,6096.91,6112.42,5774.72,5896.02,12707.95351,5896.02
30-06-2018,5900.8,6510,5861.57,6372.83,10035.16386,6372.83
1/7/2018,6370,6438.55,6259.34,6315.68,4308.932242,6315.68
2/7/2018,6318.28,6664,6270.69,6610.94,8109.413162,6610.94
3/7/2018,6616.98,6667.57,6533,6582.15,5426.163107,6582.15
4/7/2018,6583.14,6792.28,6413.2,6684.41,7501.693173,6684.41
5/7/2018,6682.22,6700,6510,6605.64,6976.705468,6605.64
6/7/2018,6604.11,6640.68,6445.31,6562.87,6120.445375,6562.87
7/7/2018,6565.67,6630.24,6510,6565.13,4323.23993,6565.13
8/7/2018,6566.69,6820,6510,6748.21,5624.377842,6748.21
9/7/2018,6739.14,6769.34,6662.88,6715.99,6577.739251,6715.99
10/7/2018,6721.79,6814.72,6298.95,6385,9080.936265,6385
11/7/2018,6386.19,6410.18,6270.84,6361.51,6694.675695,6361.51
12/7/2018,6362.04,6381.25,6085.59,6169.51,7537.038843,6169.51
13-07-2018,6168.44,6286.36,6072,6259.88,5814.246305,6259.88
14-07-2018,6259.88,6337.25,6121.01,6239.99,3778.127817,6239.99
15-07-2018,6239.55,6384.47,6200.01,6372.36,3712.009816,6372.36
16-07-2018,6374.58,6667,6333.63,6623.44,6804.810598,6623.44
17-07-2018,6628.12,6789,6610.63,6779.23,8238.189219,6779.23
18-07-2018,6778.18,7546.68,6733.51,7422.88,16239.93101,7422.88
19-07-2018,7417.81,7599.98,7239.15,7391.83,11012.29302,7391.83
20-07-2018,7391.83,7570.9,7338.91,7471.67,8133.631221,7471.67
21-07-2018,7471.46,7696.88,7212,7390.67,7663.362263,7390.67
22-07-2018,7389.98,7551.94,7336.15,7526.63,3463.290953,7526.63
23-07-2018,7526.64,7786.92,7338.91,7716.45,10958.49554,7716.45
24-07-2018,7719.99,8356.4,7638.03,8187.78,18282.86589,8187.78
25-07-2018,8186.11,8496.96,8049.22,8126.45,12165.64471,8126.45
26-07-2018,8121.57,8314.77,8069.94,8203.41,6168.249619,8203.41
27-07-2018,8203.41,8287.84,7798.48,8152,10499.59126,8152
28-07-2018,8149.99,8274.98,8051.43,8121.84,4759.100747,8121.84
29-07-2018,8121.84,8299.99,8109.74,8227.6,3895.056179,8227.6
30-07-2018,8227.22,8295,8069.34,8117.89,7207.207633,8117.89
31-07-2018,8117.18,8198.69,7657.13,7754.61,13813.02264,7754.61
1/8/2018,7749.22,7833.79,7451,7604.52,11538.68374,7604.52
2/8/2018,7602.38,7709.98,7440,7523.84,7153.293404,7523.84
3/8/2018,7523.21,7593.58,7286.41,7480.36,8457.805817,7480.36
4/8/2018,7480.36,7542.92,6955,6978.51,7689.963714,6978.51
5/8/2018,6972.76,7086.8,6888.88,7002.12,6332.940889,7002.12
6/8/2018,6997.62,7157.93,6843.35,6970.8,5712.301773,6970.8
7/8/2018,6970.8,7155,6835.06,7112.21,7566.561749,7112.21
8/8/2018,7112.21,7140,6390.99,6483.01,13982.07452,6483.01
9/8/2018,6483.01,6550,6121,6447.24,13613.49746,6447.24
10/8/2018,6449.99,6627,6295.73,6451.22,9946.921697,6451.22
11/8/2018,6451.22,6460,5995.75,6114.99,9925.754083,6114.99
12/8/2018,6115,6494.13,6077.54,6315.52,7272.982807,6315.52
13-08-2018,6309.87,6544.37,6208.37,6293.48,8663.269512,6293.48
14-08-2018,6293.89,6327.72,5880,6033,13787.2682,6033
15-08-2018,6032.83,6493.77,5995,6446.14,10807.89037,6446.14
16-08-2018,6446.14,6628.5,6208.37,6410.67,10227.35684,6410.67
17-08-2018,6409.38,6562,6223.92,6483.89,7026.193058,6483.89
18-08-2018,6481.79,6615,6306.02,6362.23,4352.670086,6362.23
19-08-2018,6362.23,6470,6303,6409.39,2775.013389,6409.39
20-08-2018,6409.39,6545,6333.63,6427.41,3590.052134,6427.41
21-08-2018,6427.4,6505.07,6223.9,6423.05,7530.840997,6423.05
22-08-2018,6423.38,6906.81,6368.16,6450,8539.087622,6450
23-08-2018,6448,6495,6250,6438.38,8115.06562,6438.38
24-08-2018,6438.38,6575.99,6353.77,6503.51,5341.281941,6503.51
25-08-2018,6505.25,6800,6498.05,6736.85,6389.615622,6736.85
26-08-2018,6735.85,6775.34,6558.95,6677.63,3897.050953,6677.63
27-08-2018,6677.63,6775.34,6624.79,6749.14,4637.173214,6749.14
28-08-2018,6749.05,7090,6705.3,7040.6,8283.896129,7040.6
29-08-2018,7043.93,7125.28,6890,6972.37,6145.532817,6972.37
30-08-2018,6975.26,7062.73,6810,6859.02,6224.978436,6859.02
31-08-2018,6855.49,7018.15,6792.85,6950.41,5912.150066,6950.41
1/9/2018,6950.89,7230,6943.03,7165.69,4390.067036,7165.69
2/9/2018,7165.97,7334.5,7130.63,7217.49,4613.030077,7217.49
3/9/2018,7217.99,7325.99,7184,7282.52,2830.971772,7282.52
4/9/2018,7282.52,7411.85,7231,7368.92,4133.124943,7368.92
5/9/2018,7373,7408,6892.69,6983.54,9265.616924,6983.54
6/9/2018,6983.9,6992.47,6253.29,6409.5,16017.57988,6409.5
7/9/2018,6409.5,6525,6322,6374.26,7820.79469,6374.26
8/9/2018,6372.99,6480.58,6350.09,6429.14,3191.969163,6429.14
9/9/2018,6429.14,6451.51,6094.38,6363.36,5926.322824,6363.36
10/9/2018,6369.01,6390.2,6208.38,6290.32,4589.400661,6290.32
11/9/2018,6290.49,6405,6162.06,6252.12,7339.789998,6252.12
12/9/2018,6252.12,6316.98,6184.23,6265,4442.728516,6265
13-09-2018,6265,6533.71,6255.63,6481.81,5462.459367,6481.81
14-09-2018,6481.83,6587,6384.36,6481.98,5883.185572,6481.98
15-09-2018,6481.99,6570.1,6453.55,6538.97,2542.389075,6538.97
16-09-2018,6538.99,6559,6349.47,6475,1277.339,6475
17-09-2018,6475,6530.24,6222,6264.39,2778.345492,6264.39
18-09-2018,6259.48,6390,6200,6356.99,4232.992701,6356.99
19-09-2018,6356.99,6364.86,6228,6325.22,4422.478966,6325.22
20-09-2018,6328.03,6510,6100,6414.93,7561.649344,6414.93
21-09-2018,6414.93,6772.21,6333.63,6686.77,8828.749064,6686.77
22-09-2018,6686.77,6826.28,6624.79,6677.09,5966.951722,6677.09
23-09-2018,6673.02,6774.91,6633.01,6680.07,3936.108298,6680.07
24-09-2018,6682.1,6723.18,6558.95,6597.77,3700.730579,6597.77
25-09-2018,6597.78,6655.07,6352.99,6400.24,6790.689203,6400.24
26-09-2018,6396.84,6540,6324.96,6522.75,5638.994556,6522.75
27-09-2018,6522.75,6536.51,6429.23,6487.03,3976.781752,6487.03
28-09-2018,6486.78,6792.28,6486.78,6653.53,8508.465463,6653.53
29-09-2018,6653.54,6695.88,6454,6559.8,4579.55624,6559.8
30-09-2018,6557.81,6628.06,6529.73,6568.46,2325.188026,6568.46
1/10/2018,6570.46,6638.15,6477.57,6540,4666.048024,6540
2/10/2018,6540.57,6608.26,6494.65,6528.26,3463.821538,6528.26
3/10/2018,6526.75,6545.82,6396.34,6470.95,5195.489685,6470.95
4/10/2018,6477.65,6604.89,6413.2,6552.3,4183.767402,6552.3
5/10/2018,6550.06,6594.94,6510,6547.49,3231.565594,6547.49
6/10/2018,6548.28,6641.35,6526.28,6550.4,2890.157641,6550.4
7/10/2018,6547.44,6562.33,6493.92,6527.87,1924.049563,6527.87
8/10/2018,6527.87,6656.63,6516.23,6622.75,4577.794204,6622.75
9/10/2018,6622.75,6645.96,6553.13,6574.95,2152.506656,6574.95
10/10/2018,6574.94,6604,6387.91,6494.69,5342.880908,6494.69
11/10/2018,6492.65,6558.95,6055.28,6194.09,8652.681385,6194.09
12/10/2018,6191.59,6243.79,6109,6221.34,4402.978579,6221.34
13-10-2018,6221.53,6222.91,6168.83,6201.81,2061.432076,6201.81
14-10-2018,6203.27,6349.47,6175.22,6239.06,2115.742895,6239.06
15-10-2018,6236.63,6756,6143.08,6392.59,15226.61166,6392.59
16-10-2018,6392.42,6493.77,6359.56,6437.01,5514.961825,6437.01
17-10-2018,6439,6489,6386.4,6440.57,4046.295232,6440.57
18-10-2018,6444.29,6490,6412.43,6444.55,2653.559337,6444.55
19-10-2018,6442.01,6444,6350,6385.58,3446.151139,6385.58
20-10-2018,6385,6424.16,6363.02,6397.15,1564.812702,6397.15
21-10-2018,6393.24,6470,6387,6440.97,1335.978031,6440.97
22-10-2018,6445.18,6445.95,6372.53,6394.84,2232.479792,6394.84
23-10-2018,6394.84,6419.34,6354.26,6387.31,2456.430722,6387.31
24-10-2018,6387.31,6473,6381.5,6419,3768.4787,6419
25-10-2018,6414.89,6435.8,6361.73,6396.18,3162.395021,6396.18
26-10-2018,6397.81,6450.3,6377.81,6394.96,3323.045684,6394.96
27-10-2018,6393.83,6420.01,6381.25,6398.49,1373.028922,6398.49
28-10-2018,6398.46,6420,6382.72,6396.78,674.6121287,6396.78
29-10-2018,6393.83,6420,6208.37,6281.2,4488.767926,6281.2
30-10-2018,6279,6289,6227.8,6269.59,2793.803047,6269.59
31-10-2018,6266.62,6350,6199.25,6330.57,4167.04162,6330.57
1/11/2018,6330.53,6331.9,6288.01,6307.36,2971.025373,6307.36
2/11/2018,6305.01,6381.25,6298.94,6357,3155.858115,6357
3/11/2018,6357,6365,6312.48,6329.04,1298.737199,6329.04
4/11/2018,6329.04,6450,6310.57,6434.84,1436.108613,6434.84
5/11/2018,6430.89,6475,6386.21,6411.74,3118.477503,6411.74
6/11/2018,6411.74,6457.89,6369.89,6427.73,3602.075653,6427.73
